{
  "form_id": "6e465198-8615-49cb-97f8-3cb23be66c3b",
  "template_id": "medical_screening_v1",
  "processed_at": "2026-04-18T22:41:39.438302+00:00",
  "data": {
    "full_name": ""
  },
  "fields": [
    {
      "field_id": "full_name",
      "field_type": "handwritten",
      "x": 150,
      "y": 200,
      "w": 300,
      "h": 40,
      "value": "",
      "final_value": "",
      "confidence": 0.5,
      "C_lp": 0.5,
      "C_dict": 0.0,
      "closest_dictionary_match": null,
      "min_distance": 0,
      "validation_status": "pending_review",
      "validation_reason": "min_length<2",
      "needs_review": true,
      "corrected": false,
      "source": "ai",
      "crop_path": "outputs/crops/6e465198-8615-49cb-97f8-3cb23be66c3b/full_name.png"
    }
  ],
  "processing_stats": {
    "dpi": 300,
    "original_width": 5088,
    "original_height": 6592,
    "aspect_ratio": 0.7718446601941747,
    "grayscale_mean": 249.43650742681237,
    "grayscale_std": 37.25235773143668,
    "min_intensity": 0,
    "max_intensity": 255,
    "intensity_range": 255.0,
    "near_white_ratio": 0.9781823820659309,
    "near_black_ratio": 0.02181761793406912,
    "contrast_score": 1.0,
    "balance_score": 0.7149102562695905,
    "blur_score": 1.0,
    "noise_score": 1.0,
    "skew_angle": -0.2200053334236145,
    "skew_confidence": 0.0,
    "skew_acceptability": 0.9266648888587952,
    "skew_risk": 0.0440010666847229,
    "effective_skew_risk": 0.0,
    "illumination_uniformity": 0.6561103770137082,
    "local_contrast_gain": 1.0,
    "foreground_ratio": 0.06483168682641814,
    "pixel_entropy": 0.34633354258061966,
    "threshold_stability": 0.9619413478884775,
    "border_thickness": 0.0016343423703975087,
    "cropping_confidence": 0.8092225944081846
  }
}